{
    "HOTA_avg": 49.05677650458561,
    "MOTA_avg": 33.44373873992943,
    "IDF1_avg": 63.97381525219817,
    "count": 4704
}