{
    "HOTA_avg": 49.05677650458333,
    "MOTA_avg": 33.44373873993002,
    "IDF1_avg": 63.97381525219662,
    "count": 10560
}