{
    "HOTA_avg": 49.05677650458474,
    "MOTA_avg": 33.44373873992902,
    "IDF1_avg": 63.97381525219718,
    "count": 8064
}