{
    "HOTA_avg": 49.056776504583745,
    "MOTA_avg": 33.44373873992939,
    "IDF1_avg": 63.973815252198776,
    "count": 7296
}