{
    "HOTA_avg": 49.05677650458569,
    "MOTA_avg": 33.443738739928975,
    "IDF1_avg": 63.973815252198925,
    "count": 4992
}