{
    "HOTA_avg": 49.05677650458549,
    "MOTA_avg": 33.44373873992976,
    "IDF1_avg": 63.973815252198264,
    "count": 3840
}