{
    "HOTA_avg": 49.05677650458594,
    "MOTA_avg": 33.44373873992997,
    "IDF1_avg": 63.973815252198165,
    "count": 1440
}