{
    "HOTA_avg": 49.0567765045856,
    "MOTA_avg": 33.443738739929735,
    "IDF1_avg": 63.97381525219775,
    "count": 336
}