{
    "HOTA_avg": 49.05677650458563,
    "MOTA_avg": 33.44373873992974,
    "IDF1_avg": 63.973815252197575,
    "count": 240
}