{
    "HOTA_avg": 49.05677650458452,
    "MOTA_avg": 33.44373873992928,
    "IDF1_avg": 63.97381525219779,
    "count": 8736
}